date,team,win_pct,last_pct
2026-03-23,Bo,0.07025,0.17925
2026-03-23,Kid Named Dinger,0.45413,0.0215
2026-03-23,Swank's Shanks,0.41037,0.02937
2026-03-23,Swank's Tanks,0.01887,0.487
2026-03-23,deep drivers,0.04637,0.28287
2026-03-24,Bo,0.07596,0.16587
2026-03-24,Kid Named Dinger,0.44012,0.02312
2026-03-24,Swank's Shanks,0.41754,0.03075
2026-03-24,Swank's Tanks,0.02021,0.4985
2026-03-24,deep drivers,0.04617,0.28175
2026-03-25,Bo,0.07983,0.17087
2026-03-25,Kid Named Dinger,0.46033,0.02546
2026-03-25,Swank's Shanks,0.39696,0.02667
2026-03-25,Swank's Tanks,0.02325,0.49042
2026-03-25,deep drivers,0.03963,0.28658
2026-03-26,Bo,0.06983,0.17371
2026-03-26,Kid Named Dinger,0.46604,0.0255
2026-03-26,Swank's Shanks,0.40204,0.02867
2026-03-26,Swank's Tanks,0.01887,0.48975
2026-03-26,deep drivers,0.04321,0.28237
2026-03-27,Bo,0.086,0.15058
2026-03-27,Kid Named Dinger,0.43846,0.02583
2026-03-27,Swank's Shanks,0.41621,0.02575
2026-03-27,Swank's Tanks,0.01508,0.51013
2026-03-27,deep drivers,0.04425,0.28771
2026-03-28,Bo,0.08375,0.1585
2026-03-28,Kid Named Dinger,0.48688,0.01413
2026-03-28,Swank's Shanks,0.3735,0.02813
2026-03-28,Swank's Tanks,0.01613,0.52625
2026-03-28,deep drivers,0.03975,0.273
2026-03-29,Bo,0.08225,0.14596
2026-03-29,Kid Named Dinger,0.49125,0.02146
2026-03-29,Swank's Shanks,0.366,0.03396
2026-03-29,Swank's Tanks,0.01512,0.56204
2026-03-29,deep drivers,0.04537,0.23658
2026-03-30,Bo,0.08283,0.15679
2026-03-30,Kid Named Dinger,0.48746,0.01975
2026-03-30,Swank's Shanks,0.36971,0.02721
2026-03-30,Swank's Tanks,0.01,0.57242
2026-03-30,deep drivers,0.05,0.22383
2026-03-31,Bo,0.0725,0.16483
2026-03-31,Kid Named Dinger,0.5195,0.01967
2026-03-31,Swank's Shanks,0.3455,0.03333
2026-03-31,Swank's Tanks,0.015,0.52696
2026-03-31,deep drivers,0.0475,0.25521
2026-04-01,Bo,0.06438,0.16542
2026-04-01,Kid Named Dinger,0.59237,0.00875
2026-04-01,Swank's Shanks,0.30375,0.03258
2026-04-01,Swank's Tanks,0.00988,0.52496
2026-04-01,deep drivers,0.02962,0.26829
2026-04-02,Bo,0.05846,0.17542
2026-04-02,Kid Named Dinger,0.59679,0.00725
2026-04-02,Swank's Shanks,0.29917,0.03246
2026-04-02,Swank's Tanks,0.01175,0.52683
2026-04-02,deep drivers,0.03383,0.25804
2026-04-03,Bo,0.05517,0.17813
2026-04-03,Kid Named Dinger,0.61687,0.0065
2026-04-03,Swank's Shanks,0.27375,0.04075
2026-04-03,Swank's Tanks,0.01238,0.54163
2026-04-03,deep drivers,0.04183,0.233
2026-04-04,Bo,0.05862,0.181
2026-04-04,Kid Named Dinger,0.59525,0.00662
2026-04-04,Swank's Shanks,0.29625,0.03746
2026-04-04,Swank's Tanks,0.0155,0.50571
2026-04-04,deep drivers,0.03438,0.26921
2026-04-05,Bo,0.06475,0.16367
2026-04-05,Kid Named Dinger,0.59558,0.00838
2026-04-05,Swank's Shanks,0.29046,0.04358
2026-04-05,Swank's Tanks,0.011,0.50929
2026-04-05,deep drivers,0.03821,0.27508
2026-04-06,Bo,0.06408,0.16667
2026-04-06,Kid Named Dinger,0.63592,0.00725
2026-04-06,Swank's Shanks,0.24942,0.04658
2026-04-06,Swank's Tanks,0.02013,0.46733
2026-04-06,deep drivers,0.03046,0.31217
2026-04-07,Bo,0.05975,0.19146
2026-04-07,Kid Named Dinger,0.63087,0.00788
2026-04-07,Swank's Shanks,0.26212,0.0475
2026-04-07,Swank's Tanks,0.021,0.43108
2026-04-07,deep drivers,0.02625,0.32208
2026-04-08,Bo,0.05429,0.19967
2026-04-08,Kid Named Dinger,0.62329,0.009
2026-04-08,Swank's Shanks,0.26687,0.04888
2026-04-08,Swank's Tanks,0.02113,0.44492
2026-04-08,deep drivers,0.03442,0.29754
2026-04-09,Bo,0.05663,0.19658
2026-04-09,Kid Named Dinger,0.61108,0.01046
2026-04-09,Swank's Shanks,0.27508,0.04946
2026-04-09,Swank's Tanks,0.01787,0.44779
2026-04-09,deep drivers,0.03933,0.29571
2026-04-10,Bo,0.05908,0.2105
2026-04-10,Kid Named Dinger,0.60804,0.01362
2026-04-10,Swank's Shanks,0.27879,0.05529
2026-04-10,Swank's Tanks,0.0195,0.44171
2026-04-10,deep drivers,0.03458,0.27887
2026-04-11,Bo,0.04312,0.2385
2026-04-11,Kid Named Dinger,0.65687,0.0095
2026-04-11,Swank's Shanks,0.23742,0.06087
2026-04-11,Swank's Tanks,0.02633,0.40113
2026-04-11,deep drivers,0.03625,0.29
2026-04-12,Bo,0.0515,0.24533
2026-04-12,Kid Named Dinger,0.62013,0.01013
2026-04-12,Swank's Shanks,0.26375,0.05408
2026-04-12,Swank's Tanks,0.026,0.38625
2026-04-12,deep drivers,0.03862,0.30421
2026-04-13,Bo,0.06925,0.20471
2026-04-13,Kid Named Dinger,0.60733,0.01588
2026-04-13,Swank's Shanks,0.24496,0.07712
2026-04-13,Swank's Tanks,0.03325,0.36621
2026-04-13,deep drivers,0.04521,0.33608
2026-04-14,Bo,0.07412,0.19987
2026-04-14,Kid Named Dinger,0.607,0.01287
2026-04-14,Swank's Shanks,0.2525,0.06363
2026-04-14,Swank's Tanks,0.02888,0.40963
2026-04-14,deep drivers,0.0375,0.314
2026-04-15,Bo,0.06713,0.173
2026-04-15,Kid Named Dinger,0.58108,0.01225
2026-04-15,Swank's Shanks,0.30408,0.036
2026-04-15,Swank's Tanks,0.02125,0.43975
2026-04-15,deep drivers,0.02646,0.339
2026-04-16,Bo,0.05917,0.19929
2026-04-16,Kid Named Dinger,0.60642,0.01046
2026-04-16,Swank's Shanks,0.26942,0.04921
2026-04-16,Swank's Tanks,0.01933,0.47517
2026-04-16,deep drivers,0.04567,0.26587
2026-04-17,Bo,0.05108,0.22837
2026-04-17,Kid Named Dinger,0.61104,0.0125
2026-04-17,Swank's Shanks,0.26546,0.05458
2026-04-17,Swank's Tanks,0.01812,0.48329
2026-04-17,deep drivers,0.05429,0.22125
2026-04-18,Bo,0.04675,0.23325
2026-04-18,Kid Named Dinger,0.5935,0.01058
2026-04-18,Swank's Shanks,0.30012,0.03758
2026-04-18,Swank's Tanks,0.0145,0.50179
2026-04-18,deep drivers,0.04512,0.21679
2026-04-19,Bo,0.04808,0.25325
2026-04-19,Kid Named Dinger,0.59175,0.01038
2026-04-19,Swank's Shanks,0.29121,0.04496
2026-04-19,Swank's Tanks,0.01758,0.47821
2026-04-19,deep drivers,0.05137,0.21321
2026-04-20,Bo,0.0585,0.23254
2026-04-20,Kid Named Dinger,0.59962,0.012
2026-04-20,Swank's Shanks,0.26737,0.04633
2026-04-20,Swank's Tanks,0.019,0.49533
2026-04-20,deep drivers,0.0555,0.21379
2026-04-21,Bo,0.04375,0.24908
2026-04-21,Kid Named Dinger,0.609,0.01021
2026-04-21,Swank's Shanks,0.2495,0.05613
2026-04-21,Swank's Tanks,0.02275,0.51008
2026-04-21,deep drivers,0.075,0.1745
2026-04-22,Bo,0.05063,0.25275
2026-04-22,Kid Named Dinger,0.57112,0.01188
2026-04-22,Swank's Shanks,0.28463,0.05125
2026-04-22,Swank's Tanks,0.02013,0.50513
2026-04-22,deep drivers,0.0735,0.179
2026-04-23,Bo,0.04671,0.26692
2026-04-23,Kid Named Dinger,0.55063,0.01725
2026-04-23,Swank's Shanks,0.30079,0.04383
2026-04-23,Swank's Tanks,0.01992,0.49738
2026-04-23,deep drivers,0.08196,0.17463
2026-04-24,Bo,0.0405,0.27921
2026-04-24,Kid Named Dinger,0.54883,0.01133
2026-04-24,Swank's Shanks,0.33146,0.03258
2026-04-24,Swank's Tanks,0.01312,0.51004
2026-04-24,deep drivers,0.06608,0.16683
2026-04-25,Bo,0.042,0.30462
2026-04-25,Kid Named Dinger,0.51008,0.02013
2026-04-25,Swank's Shanks,0.34858,0.034
2026-04-25,Swank's Tanks,0.02413,0.48137
2026-04-25,deep drivers,0.07521,0.15987
2026-04-26,Bo,0.04913,0.26746
2026-04-26,Kid Named Dinger,0.48308,0.01958
2026-04-26,Swank's Shanks,0.37108,0.03388
2026-04-26,Swank's Tanks,0.0185,0.49729
2026-04-26,deep drivers,0.07821,0.18179
2026-04-27,Bo,0.05588,0.23575
2026-04-27,Kid Named Dinger,0.48225,0.01771
2026-04-27,Swank's Shanks,0.3865,0.03188
2026-04-27,Swank's Tanks,0.021,0.50858
2026-04-27,deep drivers,0.05437,0.20608
2026-04-28,Bo,0.04208,0.25296
2026-04-28,Kid Named Dinger,0.42808,0.0215
2026-04-28,Swank's Shanks,0.46929,0.0165
2026-04-28,Swank's Tanks,0.01546,0.49558
2026-04-28,deep drivers,0.04508,0.21346
2026-04-29,Bo,0.04327,0.25088
2026-04-29,Kid Named Dinger,0.40656,0.01887
2026-04-29,Swank's Shanks,0.48819,0.016
2026-04-29,Swank's Tanks,0.01287,0.50425
2026-04-29,deep drivers,0.0491,0.21
2026-04-30,Bo,0.03958,0.25108
2026-04-30,Kid Named Dinger,0.37054,0.02071
2026-04-30,Swank's Shanks,0.51542,0.013
2026-04-30,Swank's Tanks,0.01333,0.527
2026-04-30,deep drivers,0.06112,0.18821
2026-05-01,Bo,0.03967,0.24463
2026-05-01,Kid Named Dinger,0.35308,0.02475
2026-05-01,Swank's Shanks,0.54125,0.0145
2026-05-01,Swank's Tanks,0.01137,0.543
2026-05-01,deep drivers,0.05462,0.17313
2026-05-02,Bo,0.04175,0.23208
2026-05-02,Kid Named Dinger,0.2785,0.03771
2026-05-02,Swank's Shanks,0.62321,0.00546
2026-05-02,Swank's Tanks,0.01171,0.51404
2026-05-02,deep drivers,0.04483,0.21071
2026-05-03,Bo,0.03771,0.2025
2026-05-03,Kid Named Dinger,0.31462,0.02704
2026-05-03,Swank's Shanks,0.59808,0.00513
2026-05-03,Swank's Tanks,0.01162,0.53729
2026-05-03,deep drivers,0.03796,0.22804
2026-05-04,Bo,0.04396,0.19179
2026-05-04,Kid Named Dinger,0.29946,0.02708
2026-05-04,Swank's Shanks,0.60892,0.00688
2026-05-04,Swank's Tanks,0.01233,0.54917
2026-05-04,deep drivers,0.03533,0.22508
2026-05-05,Bo,0.03875,0.20583
2026-05-05,Kid Named Dinger,0.30162,0.02308
2026-05-05,Swank's Shanks,0.61838,0.00575
2026-05-05,Swank's Tanks,0.01075,0.51604
2026-05-05,deep drivers,0.0305,0.24929
2026-05-06,Bo,0.03562,0.22546
2026-05-06,Kid Named Dinger,0.28913,0.02508
2026-05-06,Swank's Shanks,0.63813,0.005
2026-05-06,Swank's Tanks,0.01162,0.48733
2026-05-06,deep drivers,0.0255,0.25712
2026-05-07,Bo,0.04475,0.2
2026-05-07,Kid Named Dinger,0.28175,0.02838
2026-05-07,Swank's Shanks,0.62613,0.00575
2026-05-07,Swank's Tanks,0.00975,0.53725
2026-05-07,deep drivers,0.03762,0.22862
2026-05-08,Bo,0.0425,0.20917
2026-05-08,Kid Named Dinger,0.25733,0.03246
2026-05-08,Swank's Shanks,0.66496,0.00613
2026-05-08,Swank's Tanks,0.0125,0.491
2026-05-08,deep drivers,0.02271,0.26125
2026-05-09,Bo,0.03483,0.18438
2026-05-09,Kid Named Dinger,0.26396,0.02679
2026-05-09,Swank's Shanks,0.67371,0.00346
2026-05-09,Swank's Tanks,0.0065,0.53671
2026-05-09,deep drivers,0.021,0.24867
2026-05-10,Bo,0.03188,0.18608
2026-05-10,Kid Named Dinger,0.23496,0.02337
2026-05-10,Swank's Shanks,0.70333,0.00263
2026-05-10,Swank's Tanks,0.00975,0.54333
2026-05-10,deep drivers,0.02008,0.24458
2026-05-11,Bo,0.02063,0.22587
2026-05-11,Kid Named Dinger,0.263,0.01463
2026-05-11,Swank's Shanks,0.698,0.00175
2026-05-11,Swank's Tanks,0.00662,0.45975
2026-05-11,deep drivers,0.01175,0.298
2026-05-12,Bo,0.02225,0.20517
2026-05-12,Kid Named Dinger,0.25175,0.01696
2026-05-12,Swank's Shanks,0.70325,0.00225
2026-05-12,Swank's Tanks,0.0075,0.47517
2026-05-12,deep drivers,0.01525,0.30046
2026-05-13,Bo,0.02283,0.18713
2026-05-13,Kid Named Dinger,0.28408,0.01038
2026-05-13,Swank's Shanks,0.67658,0.0025
2026-05-13,Swank's Tanks,0.00425,0.50662
2026-05-13,deep drivers,0.01225,0.29337
2026-05-14,Bo,0.015,0.20483
2026-05-14,Kid Named Dinger,0.24863,0.0125
2026-05-14,Swank's Shanks,0.7195,0.00175
2026-05-14,Swank's Tanks,0.0055,0.51933
2026-05-14,deep drivers,0.01137,0.26158
2026-05-15,Bo,0.01688,0.23275
2026-05-15,Kid Named Dinger,0.23983,0.01583
2026-05-15,Swank's Shanks,0.72592,0.0015
2026-05-15,Swank's Tanks,0.00433,0.50229
2026-05-15,deep drivers,0.01304,0.24763
2026-05-16,Bo,0.01479,0.22808
2026-05-16,Kid Named Dinger,0.21029,0.01808
2026-05-16,Swank's Shanks,0.75792,0.0005
2026-05-16,Swank's Tanks,0.004,0.51621
2026-05-16,deep drivers,0.013,0.23713
2026-05-17,Bo,0.01858,0.22125
2026-05-17,Kid Named Dinger,0.23667,0.01762
2026-05-17,Swank's Shanks,0.72804,0.0015
2026-05-17,Swank's Tanks,0.004,0.51262
2026-05-17,deep drivers,0.01271,0.247
2026-05-18,Bo,0.01613,0.26029
2026-05-18,Kid Named Dinger,0.24696,0.01758
2026-05-18,Swank's Shanks,0.71246,0.0015
2026-05-18,Swank's Tanks,0.00808,0.43192
2026-05-18,deep drivers,0.01638,0.28871
2026-05-19,Bo,0.0185,0.28367
2026-05-19,Kid Named Dinger,0.24196,0.02746
2026-05-19,Swank's Shanks,0.71471,0.0025
2026-05-19,Swank's Tanks,0.00846,0.43221
2026-05-19,deep drivers,0.01638,0.25417
2026-05-20,Bo,0.02,0.29217
2026-05-20,Kid Named Dinger,0.27575,0.02204
2026-05-20,Swank's Shanks,0.66263,0.00438
2026-05-20,Swank's Tanks,0.00688,0.49046
2026-05-20,deep drivers,0.03475,0.19096
2026-05-21,Bo,0.02108,0.26863
2026-05-21,Kid Named Dinger,0.32783,0.01733
2026-05-21,Swank's Shanks,0.60458,0.00537
2026-05-21,Swank's Tanks,0.0075,0.53921
2026-05-21,deep drivers,0.039,0.16946
2026-05-22,Bo,0.02308,0.26246
2026-05-22,Kid Named Dinger,0.35671,0.01413
2026-05-22,Swank's Shanks,0.57921,0.00796
2026-05-22,Swank's Tanks,0.00525,0.54483
2026-05-22,deep drivers,0.03575,0.17062
2026-05-23,Bo,0.02321,0.24971
2026-05-23,Kid Named Dinger,0.33308,0.01771
2026-05-23,Swank's Shanks,0.59825,0.00487
2026-05-23,Swank's Tanks,0.00487,0.57817
2026-05-23,deep drivers,0.04058,0.14954
2026-05-24,Bo,0.02817,0.25025
2026-05-24,Kid Named Dinger,0.34604,0.0145
2026-05-24,Swank's Shanks,0.56125,0.0055
2026-05-24,Swank's Tanks,0.005,0.60537
2026-05-24,deep drivers,0.05954,0.12437
2026-05-25,Bo,0.02608,0.246
2026-05-25,Kid Named Dinger,0.38833,0.01287
2026-05-25,Swank's Shanks,0.52921,0.0045
2026-05-25,Swank's Tanks,0.00525,0.60975
2026-05-25,deep drivers,0.05112,0.12687
2026-05-26,Bo,0.02438,0.23558
2026-05-26,Kid Named Dinger,0.38721,0.0115
2026-05-26,Swank's Shanks,0.53583,0.00575
2026-05-26,Swank's Tanks,0.00446,0.62421
2026-05-26,deep drivers,0.04813,0.12296
2026-05-27,Bo,0.01963,0.22058
2026-05-27,Kid Named Dinger,0.4105,0.008
2026-05-27,Swank's Shanks,0.51438,0.00462
2026-05-27,Swank's Tanks,0.00313,0.65708
2026-05-27,deep drivers,0.05237,0.10971
2026-05-28,Bo,0.03021,0.19908
2026-05-28,Kid Named Dinger,0.41133,0.00513
2026-05-28,Swank's Shanks,0.49408,0.00413
2026-05-28,Swank's Tanks,0.00363,0.69083
2026-05-28,deep drivers,0.06075,0.10083
2026-05-29,Bo,0.0215,0.18433
2026-05-29,Kid Named Dinger,0.37912,0.00937
2026-05-29,Swank's Shanks,0.54012,0.00458
2026-05-29,Swank's Tanks,0.00213,0.70529
2026-05-29,deep drivers,0.05713,0.09642
2026-05-30,Bo,0.0335,0.14508
2026-05-30,Kid Named Dinger,0.33321,0.01425
2026-05-30,Swank's Shanks,0.56021,0.005
2026-05-30,Swank's Tanks,0.00213,0.76746
2026-05-30,deep drivers,0.07096,0.06821
2026-05-31,Bo,0.03042,0.11925
2026-05-31,Kid Named Dinger,0.29017,0.0125
2026-05-31,Swank's Shanks,0.62092,0.00375
2026-05-31,Swank's Tanks,0.001,0.79238
2026-05-31,deep drivers,0.0575,0.07212
2026-06-01,Bo,0.03746,0.11271
2026-06-01,Kid Named Dinger,0.32746,0.00937
2026-06-01,Swank's Shanks,0.57371,0.00263
2026-06-01,Swank's Tanks,0.002,0.81046
2026-06-01,deep drivers,0.05937,0.06483
2026-06-02,Bo,0.02633,0.1305
2026-06-02,Kid Named Dinger,0.37796,0.00588
2026-06-02,Swank's Shanks,0.53658,0.00287
2026-06-02,Swank's Tanks,0.00112,0.79837
2026-06-02,deep drivers,0.058,0.06237
2026-06-03,Bo,0.02962,0.12892
2026-06-03,Kid Named Dinger,0.37812,0.00758
2026-06-03,Swank's Shanks,0.53638,0.00275
2026-06-03,Swank's Tanks,0.00112,0.79229
2026-06-03,deep drivers,0.05475,0.06846
2026-06-04,Bo,0.02425,0.1305
2026-06-04,Kid Named Dinger,0.3305,0.00513
2026-06-04,Swank's Shanks,0.59725,0.00175
2026-06-04,Swank's Tanks,0.00063,0.79575
2026-06-04,deep drivers,0.04738,0.06688
2026-06-05,Bo,0.0155,0.13683
2026-06-05,Kid Named Dinger,0.3425,0.0065
2026-06-05,Swank's Shanks,0.58775,0.00162
2026-06-05,Swank's Tanks,0.001,0.79058
2026-06-05,deep drivers,0.05325,0.06446
2026-06-06,Bo,0.014,0.15125
2026-06-06,Kid Named Dinger,0.37083,0.00413
2026-06-06,Swank's Shanks,0.56971,0.00125
2026-06-06,Swank's Tanks,0.00112,0.7835
2026-06-06,deep drivers,0.04433,0.05987
2026-06-07,Bo,0.01579,0.12846
2026-06-07,Kid Named Dinger,0.3905,0.00396
2026-06-07,Swank's Shanks,0.52229,0.00233
2026-06-07,Swank's Tanks,0.00025,0.829
2026-06-07,deep drivers,0.07117,0.03625
2026-06-08,Bo,0.01371,0.15046
2026-06-08,Kid Named Dinger,0.42546,0.002
2026-06-08,Swank's Shanks,0.50321,0.00187
2026-06-08,Swank's Tanks,0.0005,0.79983
2026-06-08,deep drivers,0.05713,0.04583
2026-06-09,Bo,0.01175,0.14763
2026-06-09,Kid Named Dinger,0.39021,0.001
2026-06-09,Swank's Shanks,0.53883,0.00263
2026-06-09,Swank's Tanks,0.00025,0.81088
2026-06-09,deep drivers,0.05896,0.03787
2026-06-10,Bo,0.00537,0.17908
2026-06-10,Kid Named Dinger,0.35313,0.00208
2026-06-10,Swank's Shanks,0.59425,0.0005
2026-06-10,Swank's Tanks,0.0,0.78746
2026-06-10,deep drivers,0.04725,0.03087
2026-06-11,Bo,0.00462,0.15525
2026-06-11,Kid Named Dinger,0.32871,0.00137
2026-06-11,Swank's Shanks,0.62646,0.00088
2026-06-11,Swank's Tanks,8e-05,0.80863
2026-06-11,deep drivers,0.04013,0.03388
2026-06-12,Bo,0.00583,0.126
2026-06-12,Kid Named Dinger,0.30896,0.00112
2026-06-12,Swank's Shanks,0.6475,0.00025
2026-06-12,Swank's Tanks,0.00025,0.84162
2026-06-12,deep drivers,0.03746,0.031
2026-06-13,Bo,0.00808,0.10296
2026-06-13,Kid Named Dinger,0.29458,0.00063
2026-06-13,Swank's Shanks,0.66558,0.0
2026-06-13,Swank's Tanks,0.0,0.87721
2026-06-13,deep drivers,0.03175,0.01921
2026-06-14,Bo,0.00675,0.0845
2026-06-14,Kid Named Dinger,0.28521,0.00137
2026-06-14,Swank's Shanks,0.66896,0.0
2026-06-14,Swank's Tanks,0.0,0.888
2026-06-14,deep drivers,0.03908,0.02612
2026-06-15,Bo,0.0085,0.10275
2026-06-15,Kid Named Dinger,0.27496,0.00175
2026-06-15,Swank's Shanks,0.68008,0.0
2026-06-15,Swank's Tanks,0.00025,0.86938
2026-06-15,deep drivers,0.03621,0.02612
2026-06-16,Bo,0.00588,0.11063
2026-06-16,Kid Named Dinger,0.30417,0.00038
2026-06-16,Swank's Shanks,0.64592,0.0
2026-06-16,Swank's Tanks,0.0,0.8725
2026-06-16,deep drivers,0.04404,0.0165
2026-06-17,Bo,0.00425,0.09158
2026-06-17,Kid Named Dinger,0.2805,0.00187
2026-06-17,Swank's Shanks,0.67163,0.0
2026-06-17,Swank's Tanks,0.0,0.89283
2026-06-17,deep drivers,0.04362,0.01371
2026-06-18,Bo,0.00325,0.10525
2026-06-18,Kid Named Dinger,0.29625,0.001
2026-06-18,Swank's Shanks,0.66275,0.00013
2026-06-18,Swank's Tanks,0.00025,0.88013
2026-06-18,deep drivers,0.0375,0.0135
2026-06-19,Bo,0.00487,0.11858
2026-06-19,Kid Named Dinger,0.30258,0.00125
2026-06-19,Swank's Shanks,0.64246,0.00025
2026-06-19,Swank's Tanks,0.0,0.86683
2026-06-19,deep drivers,0.05008,0.01308
2026-06-20,Bo,0.00383,0.11837
2026-06-20,Kid Named Dinger,0.30938,0.00038
2026-06-20,Swank's Shanks,0.63,0.00025
2026-06-20,Swank's Tanks,0.0,0.869
2026-06-20,deep drivers,0.05679,0.012
2026-06-21,Bo,0.0025,0.11075
2026-06-21,Kid Named Dinger,0.222,0.00175
2026-06-21,Swank's Shanks,0.739,0.0
2026-06-21,Swank's Tanks,0.0,0.87675
2026-06-21,deep drivers,0.0365,0.01075
2026-06-22,Bo,0.00487,0.11438
2026-06-22,Kid Named Dinger,0.2105,0.00112
2026-06-22,Swank's Shanks,0.74987,0.0
2026-06-22,Swank's Tanks,0.0,0.872
2026-06-22,deep drivers,0.03475,0.0125
2026-06-23,Bo,0.007,0.08588
2026-06-23,Kid Named Dinger,0.21221,0.00187
2026-06-23,Swank's Shanks,0.74808,0.0
2026-06-23,Swank's Tanks,0.0,0.8975
2026-06-23,deep drivers,0.03271,0.01475
2026-06-24,Bo,0.00358,0.10637
2026-06-24,Kid Named Dinger,0.17708,0.003
2026-06-24,Swank's Shanks,0.78538,0.0
2026-06-24,Swank's Tanks,0.00013,0.87375
2026-06-24,deep drivers,0.03383,0.01688
2026-06-25,Bo,0.00413,0.10675
2026-06-25,Kid Named Dinger,0.18413,0.00337
2026-06-25,Swank's Shanks,0.76138,0.0
2026-06-25,Swank's Tanks,0.0,0.8815
2026-06-25,deep drivers,0.05038,0.00838
2026-06-26,Bo,0.00438,0.13887
2026-06-26,Kid Named Dinger,0.18121,0.00275
2026-06-26,Swank's Shanks,0.76446,0.0
2026-06-26,Swank's Tanks,0.00013,0.8465
2026-06-26,deep drivers,0.04983,0.01188
2026-06-27,Bo,0.00425,0.12637
2026-06-27,Kid Named Dinger,0.17075,0.003
2026-06-27,Swank's Shanks,0.78587,0.0
2026-06-27,Swank's Tanks,0.00025,0.85125
2026-06-27,deep drivers,0.03887,0.01937
2026-06-28,Bo,0.00363,0.13608
2026-06-28,Kid Named Dinger,0.16883,0.00171
2026-06-28,Swank's Shanks,0.78921,0.0
2026-06-28,Swank's Tanks,0.0,0.85008
2026-06-28,deep drivers,0.03833,0.01213
2026-06-29,Bo,0.00671,0.08413
2026-06-29,Kid Named Dinger,0.16392,0.003
2026-06-29,Swank's Shanks,0.78792,0.0
2026-06-29,Swank's Tanks,0.00025,0.8975
2026-06-29,deep drivers,0.04121,0.01537
2026-06-30,Bo,0.00513,0.09425
2026-06-30,Kid Named Dinger,0.1785,0.0025
2026-06-30,Swank's Shanks,0.76775,0.0
2026-06-30,Swank's Tanks,0.0,0.8905
2026-06-30,deep drivers,0.04863,0.01275
2026-07-01,Bo,0.0045,0.06175
2026-07-01,Kid Named Dinger,0.13404,0.00225
2026-07-01,Swank's Shanks,0.82842,0.00025
2026-07-01,Swank's Tanks,0.0,0.92875
2026-07-01,deep drivers,0.03304,0.007
2026-07-02,Bo,0.00958,0.04425
2026-07-02,Kid Named Dinger,0.12962,0.0015
2026-07-02,Swank's Shanks,0.82496,0.0
2026-07-02,Swank's Tanks,0.00025,0.94337
2026-07-02,deep drivers,0.03558,0.01087
2026-07-03,Bo,0.0065,0.04387
2026-07-03,Kid Named Dinger,0.16458,0.00112
2026-07-03,Swank's Shanks,0.80208,0.0
2026-07-03,Swank's Tanks,0.0,0.94288
2026-07-03,deep drivers,0.02683,0.01213
2026-07-04,Bo,0.00533,0.05412
2026-07-04,Kid Named Dinger,0.20267,0.0015
2026-07-04,Swank's Shanks,0.75375,0.00025
2026-07-04,Swank's Tanks,0.0,0.93563
2026-07-04,deep drivers,0.03825,0.0085
2026-07-05,Bo,0.00337,0.06821
2026-07-05,Kid Named Dinger,0.23513,0.00112
2026-07-05,Swank's Shanks,0.72613,0.0
2026-07-05,Swank's Tanks,0.0,0.92158
2026-07-05,deep drivers,0.03537,0.00908
2026-07-06,Bo,0.00387,0.05588
2026-07-06,Kid Named Dinger,0.20071,0.0015
2026-07-06,Swank's Shanks,0.75896,0.0
2026-07-06,Swank's Tanks,0.0,0.93663
2026-07-06,deep drivers,0.03646,0.006
2026-07-07,Bo,0.00733,0.04158
2026-07-07,Kid Named Dinger,0.22396,0.00013
2026-07-07,Swank's Shanks,0.72171,0.0
2026-07-07,Swank's Tanks,0.0,0.95221
2026-07-07,deep drivers,0.047,0.00608
2026-07-08,Bo,0.005,0.0395
2026-07-08,Kid Named Dinger,0.27675,0.00025
2026-07-08,Swank's Shanks,0.66963,0.00013
2026-07-08,Swank's Tanks,0.0,0.95625
2026-07-08,deep drivers,0.04863,0.00387
2026-07-09,Bo,0.0045,0.05125
2026-07-09,Kid Named Dinger,0.28817,0.00025
2026-07-09,Swank's Shanks,0.65904,0.0
2026-07-09,Swank's Tanks,0.0,0.94412
2026-07-09,deep drivers,0.04829,0.00438
2026-07-10,Bo,0.00287,0.05458
2026-07-10,Kid Named Dinger,0.26758,0.00025
2026-07-10,Swank's Shanks,0.68483,0.0
2026-07-10,Swank's Tanks,0.0,0.94046
2026-07-10,deep drivers,0.04471,0.00471
2026-07-11,Bo,0.004,0.0555
2026-07-11,Kid Named Dinger,0.27446,0.00038
2026-07-11,Swank's Shanks,0.66196,0.0
2026-07-11,Swank's Tanks,0.0,0.939
2026-07-11,deep drivers,0.05958,0.00513
2026-07-12,Bo,0.00863,0.03762
2026-07-12,Kid Named Dinger,0.29246,0.00013
2026-07-12,Swank's Shanks,0.64433,0.00025
2026-07-12,Swank's Tanks,0.0,0.95788
2026-07-12,deep drivers,0.05458,0.00413
2026-07-13,Bo,0.00838,0.02875
2026-07-13,Kid Named Dinger,0.34933,0.0
2026-07-13,Swank's Shanks,0.59258,0.00013
2026-07-13,Swank's Tanks,0.0,0.96662
2026-07-13,deep drivers,0.04971,0.0045
2026-07-14,Bo,0.00838,0.029
2026-07-14,Kid Named Dinger,0.33775,0.0
2026-07-14,Swank's Shanks,0.59725,0.0
2026-07-14,Swank's Tanks,0.0,0.967
2026-07-14,deep drivers,0.05663,0.004
2026-07-15,Bo,0.00475,0.07475
2026-07-15,Kid Named Dinger,0.39996,0.0
2026-07-15,Swank's Shanks,0.53233,0.0005
2026-07-15,Swank's Tanks,0.0,0.91925
2026-07-15,deep drivers,0.06296,0.0055
2026-07-16,Bo,0.00371,0.07833
2026-07-16,Kid Named Dinger,0.40921,0.00025
2026-07-16,Swank's Shanks,0.53342,0.0
2026-07-16,Swank's Tanks,0.0,0.91521
2026-07-16,deep drivers,0.05367,0.00621
2026-07-17,Bo,0.00313,0.0785
2026-07-17,Kid Named Dinger,0.39533,0.00025
2026-07-17,Swank's Shanks,0.53833,0.0
2026-07-17,Swank's Tanks,0.0,0.918
2026-07-17,deep drivers,0.06321,0.00325
2026-07-18,Bo,0.00613,0.07888
2026-07-18,Kid Named Dinger,0.459,0.00025
2026-07-18,Swank's Shanks,0.47675,0.0
2026-07-18,Swank's Tanks,0.0,0.91263
2026-07-18,deep drivers,0.05813,0.00825
2026-07-19,Bo,0.00263,0.07838
2026-07-19,Kid Named Dinger,0.53292,0.0
2026-07-19,Swank's Shanks,0.43667,0.0
2026-07-19,Swank's Tanks,0.0,0.912
2026-07-19,deep drivers,0.02779,0.00962
2026-07-20,Bo,0.00275,0.095
2026-07-20,Kid Named Dinger,0.44625,0.0
2026-07-20,Swank's Shanks,0.53525,0.0
2026-07-20,Swank's Tanks,0.0,0.89287
2026-07-20,deep drivers,0.01575,0.01213
2026-07-21,Bo,0.00063,0.12062
2026-07-21,Kid Named Dinger,0.54587,0.0
2026-07-21,Swank's Shanks,0.443,0.0
2026-07-21,Swank's Tanks,0.0,0.86213
2026-07-21,deep drivers,0.0105,0.01725
2026-07-22,Bo,0.00088,0.10775
2026-07-22,Kid Named Dinger,0.57833,0.00013
2026-07-22,Swank's Shanks,0.41633,0.0
2026-07-22,Swank's Tanks,0.0,0.86513
2026-07-22,deep drivers,0.00446,0.027
2026-07-23,Bo,0.00025,0.11375
2026-07-23,Kid Named Dinger,0.43375,0.0
2026-07-23,Swank's Shanks,0.56388,0.00025
2026-07-23,Swank's Tanks,0.0,0.8565
2026-07-23,deep drivers,0.00213,0.0295
2026-07-24,Bo,0.00025,0.12275
2026-07-24,Kid Named Dinger,0.45987,0.0
2026-07-24,Swank's Shanks,0.53663,0.0
2026-07-24,Swank's Tanks,0.0,0.84
2026-07-24,deep drivers,0.00325,0.03725
